Name,PartType,ResourcePath,FullPath
Eye,0_Eye,N/A (Resources 폴더 밖에 있음),C:/MYNewProject/2DSideRogueLike/Assets/SPUM/Resources/Addons/Legacy/0_Unit/0_Sprite/0_Eye/Eye.png
Eye0,0_Eye,N/A (Resources 폴더 밖에 있음),C:/MYNewProject/2DSideRogueLike/Assets/SPUM/Resources/Addons/Legacy/0_Unit/0_Sprite/0_Eye/Eye0.png
Eye1,0_Eye,N/A (Resources 폴더 밖에 있음),C:/MYNewProject/2DSideRogueLike/Assets/SPUM/Resources/Addons/Legacy/0_Unit/0_Sprite/0_Eye/Eye1.png
Eye10,0_Eye,N/A (Resources 폴더 밖에 있음),C:/MYNewProject/2DSideRogueLike/Assets/SPUM/Resources/Addons/Legacy/0_Unit/0_Sprite/0_Eye/Eye10.png
Eye11,0_Eye,N/A (Resources 폴더 밖에 있음),C:/MYNewProject/2DSideRogueLike/Assets/SPUM/Resources/Addons/Legacy/0_Unit/0_Sprite/0_Eye/Eye11.png
Eye16,0_Eye,N/A (Resources 폴더 밖에 있음),C:/MYNewProject/2DSideRogueLike/Assets/SPUM/Resources/Addons/Legacy/0_Unit/0_Sprite/0_Eye/Eye16.png
Eye2,0_Eye,N/A (Resources 폴더 밖에 있음),C:/MYNewProject/2DSideRogueLike/Assets/SPUM/Resources/Addons/Legacy/0_Unit/0_Sprite/0_Eye/Eye2.png
Eye3,0_Eye,N/A (Resources 폴더 밖에 있음),C:/MYNewProject/2DSideRogueLike/Assets/SPUM/Resources/Addons/Legacy/0_Unit/0_Sprite/0_Eye/Eye3.png
Eye4,0_Eye,N/A (Resources 폴더 밖에 있음),C:/MYNewProject/2DSideRogueLike/Assets/SPUM/Resources/Addons/Legacy/0_Unit/0_Sprite/0_Eye/Eye4.png
Eye5,0_Eye,N/A (Resources 폴더 밖에 있음),C:/MYNewProject/2DSideRogueLike/Assets/SPUM/Resources/Addons/Legacy/0_Unit/0_Sprite/0_Eye/Eye5.png
Eye6,0_Eye,N/A (Resources 폴더 밖에 있음),C:/MYNewProject/2DSideRogueLike/Assets/SPUM/Resources/Addons/Legacy/0_Unit/0_Sprite/0_Eye/Eye6.png
Eye7,0_Eye,N/A (Resources 폴더 밖에 있음),C:/MYNewProject/2DSideRogueLike/Assets/SPUM/Resources/Addons/Legacy/0_Unit/0_Sprite/0_Eye/Eye7.png
Eye8,0_Eye,N/A (Resources 폴더 밖에 있음),C:/MYNewProject/2DSideRogueLike/Assets/SPUM/Resources/Addons/Legacy/0_Unit/0_Sprite/0_Eye/Eye8.png
Eye9,0_Eye,N/A (Resources 폴더 밖에 있음),C:/MYNewProject/2DSideRogueLike/Assets/SPUM/Resources/Addons/Legacy/0_Unit/0_Sprite/0_Eye/Eye9.png
Eye_Close,0_Eye,N/A (Resources 폴더 밖에 있음),C:/MYNewProject/2DSideRogueLike/Assets/SPUM/Resources/Addons/Legacy/0_Unit/0_Sprite/0_Eye/Eye_Close.png
Hair_1,0_Hair,N/A (Resources 폴더 밖에 있음),C:/MYNewProject/2DSideRogueLike/Assets/SPUM/Resources/Addons/Legacy/0_Unit/0_Sprite/0_Hair/Hair_1.png
Hair_2,0_Hair,N/A (Resources 폴더 밖에 있음),C:/MYNewProject/2DSideRogueLike/Assets/SPUM/Resources/Addons/Legacy/0_Unit/0_Sprite/0_Hair/Hair_2.png
Hair_3,0_Hair,N/A (Resources 폴더 밖에 있음),C:/MYNewProject/2DSideRogueLike/Assets/SPUM/Resources/Addons/Legacy/0_Unit/0_Sprite/0_Hair/Hair_3.png
Hair_4,0_Hair,N/A (Resources 폴더 밖에 있음),C:/MYNewProject/2DSideRogueLike/Assets/SPUM/Resources/Addons/Legacy/0_Unit/0_Sprite/0_Hair/Hair_4.png
Hair_5,0_Hair,N/A (Resources 폴더 밖에 있음),C:/MYNewProject/2DSideRogueLike/Assets/SPUM/Resources/Addons/Legacy/0_Unit/0_Sprite/0_Hair/Hair_5.png
Hair_6,0_Hair,N/A (Resources 폴더 밖에 있음),C:/MYNewProject/2DSideRogueLike/Assets/SPUM/Resources/Addons/Legacy/0_Unit/0_Sprite/0_Hair/Hair_6.png
Hair_7,0_Hair,N/A (Resources 폴더 밖에 있음),C:/MYNewProject/2DSideRogueLike/Assets/SPUM/Resources/Addons/Legacy/0_Unit/0_Sprite/0_Hair/Hair_7.png
Hair_8,0_Hair,N/A (Resources 폴더 밖에 있음),C:/MYNewProject/2DSideRogueLike/Assets/SPUM/Resources/Addons/Legacy/0_Unit/0_Sprite/0_Hair/Hair_8.png
Hair_9,0_Hair,N/A (Resources 폴더 밖에 있음),C:/MYNewProject/2DSideRogueLike/Assets/SPUM/Resources/Addons/Legacy/0_Unit/0_Sprite/0_Hair/Hair_9.png
Devil_1,1_Body,N/A (Resources 폴더 밖에 있음),C:/MYNewProject/2DSideRogueLike/Assets/SPUM/Resources/Addons/Legacy/0_Unit/0_Sprite/1_Body/Devil_1.png
Elf_1,1_Body,N/A (Resources 폴더 밖에 있음),C:/MYNewProject/2DSideRogueLike/Assets/SPUM/Resources/Addons/Legacy/0_Unit/0_Sprite/1_Body/Elf_1.png
Elf_2,1_Body,N/A (Resources 폴더 밖에 있음),C:/MYNewProject/2DSideRogueLike/Assets/SPUM/Resources/Addons/Legacy/0_Unit/0_Sprite/1_Body/Elf_2.png
Human_1,1_Body,N/A (Resources 폴더 밖에 있음),C:/MYNewProject/2DSideRogueLike/Assets/SPUM/Resources/Addons/Legacy/0_Unit/0_Sprite/1_Body/Human_1.png
Human_2,1_Body,N/A (Resources 폴더 밖에 있음),C:/MYNewProject/2DSideRogueLike/Assets/SPUM/Resources/Addons/Legacy/0_Unit/0_Sprite/1_Body/Human_2.png
Human_3,1_Body,N/A (Resources 폴더 밖에 있음),C:/MYNewProject/2DSideRogueLike/Assets/SPUM/Resources/Addons/Legacy/0_Unit/0_Sprite/1_Body/Human_3.png
Human_4,1_Body,N/A (Resources 폴더 밖에 있음),C:/MYNewProject/2DSideRogueLike/Assets/SPUM/Resources/Addons/Legacy/0_Unit/0_Sprite/1_Body/Human_4.png
Human_5,1_Body,N/A (Resources 폴더 밖에 있음),C:/MYNewProject/2DSideRogueLike/Assets/SPUM/Resources/Addons/Legacy/0_Unit/0_Sprite/1_Body/Human_5.png
Orc_1,1_Body,N/A (Resources 폴더 밖에 있음),C:/MYNewProject/2DSideRogueLike/Assets/SPUM/Resources/Addons/Legacy/0_Unit/0_Sprite/1_Body/Orc_1.png
Orc_2,1_Body,N/A (Resources 폴더 밖에 있음),C:/MYNewProject/2DSideRogueLike/Assets/SPUM/Resources/Addons/Legacy/0_Unit/0_Sprite/1_Body/Orc_2.png
Orc_3,1_Body,N/A (Resources 폴더 밖에 있음),C:/MYNewProject/2DSideRogueLike/Assets/SPUM/Resources/Addons/Legacy/0_Unit/0_Sprite/1_Body/Orc_3.png
Orc_4,1_Body,N/A (Resources 폴더 밖에 있음),C:/MYNewProject/2DSideRogueLike/Assets/SPUM/Resources/Addons/Legacy/0_Unit/0_Sprite/1_Body/Orc_4.png
Skelton_1,1_Body,N/A (Resources 폴더 밖에 있음),C:/MYNewProject/2DSideRogueLike/Assets/SPUM/Resources/Addons/Legacy/0_Unit/0_Sprite/1_Body/Skelton_1.png
FaceHair_1,1_FaceHair,N/A (Resources 폴더 밖에 있음),C:/MYNewProject/2DSideRogueLike/Assets/SPUM/Resources/Addons/Legacy/0_Unit/0_Sprite/1_FaceHair/FaceHair_1.png
FaceHair_2,1_FaceHair,N/A (Resources 폴더 밖에 있음),C:/MYNewProject/2DSideRogueLike/Assets/SPUM/Resources/Addons/Legacy/0_Unit/0_Sprite/1_FaceHair/FaceHair_2.png
FaceHair_3,1_FaceHair,N/A (Resources 폴더 밖에 있음),C:/MYNewProject/2DSideRogueLike/Assets/SPUM/Resources/Addons/Legacy/0_Unit/0_Sprite/1_FaceHair/FaceHair_3.png
FaceHair_4,1_FaceHair,N/A (Resources 폴더 밖에 있음),C:/MYNewProject/2DSideRogueLike/Assets/SPUM/Resources/Addons/Legacy/0_Unit/0_Sprite/1_FaceHair/FaceHair_4.png
FaceHair_5,1_FaceHair,N/A (Resources 폴더 밖에 있음),C:/MYNewProject/2DSideRogueLike/Assets/SPUM/Resources/Addons/Legacy/0_Unit/0_Sprite/1_FaceHair/FaceHair_5.png
Cloth_1,2_Cloth,N/A (Resources 폴더 밖에 있음),C:/MYNewProject/2DSideRogueLike/Assets/SPUM/Resources/Addons/Legacy/0_Unit/0_Sprite/2_Cloth/Cloth_1.png
Cloth_10,2_Cloth,N/A (Resources 폴더 밖에 있음),C:/MYNewProject/2DSideRogueLike/Assets/SPUM/Resources/Addons/Legacy/0_Unit/0_Sprite/2_Cloth/Cloth_10.png
Cloth_11,2_Cloth,N/A (Resources 폴더 밖에 있음),C:/MYNewProject/2DSideRogueLike/Assets/SPUM/Resources/Addons/Legacy/0_Unit/0_Sprite/2_Cloth/Cloth_11.png
Cloth_12,2_Cloth,N/A (Resources 폴더 밖에 있음),C:/MYNewProject/2DSideRogueLike/Assets/SPUM/Resources/Addons/Legacy/0_Unit/0_Sprite/2_Cloth/Cloth_12.png
Cloth_2,2_Cloth,N/A (Resources 폴더 밖에 있음),C:/MYNewProject/2DSideRogueLike/Assets/SPUM/Resources/Addons/Legacy/0_Unit/0_Sprite/2_Cloth/Cloth_2.png
Cloth_3,2_Cloth,N/A (Resources 폴더 밖에 있음),C:/MYNewProject/2DSideRogueLike/Assets/SPUM/Resources/Addons/Legacy/0_Unit/0_Sprite/2_Cloth/Cloth_3.png
Cloth_4,2_Cloth,N/A (Resources 폴더 밖에 있음),C:/MYNewProject/2DSideRogueLike/Assets/SPUM/Resources/Addons/Legacy/0_Unit/0_Sprite/2_Cloth/Cloth_4.png
Cloth_5,2_Cloth,N/A (Resources 폴더 밖에 있음),C:/MYNewProject/2DSideRogueLike/Assets/SPUM/Resources/Addons/Legacy/0_Unit/0_Sprite/2_Cloth/Cloth_5.png
Cloth_6,2_Cloth,N/A (Resources 폴더 밖에 있음),C:/MYNewProject/2DSideRogueLike/Assets/SPUM/Resources/Addons/Legacy/0_Unit/0_Sprite/2_Cloth/Cloth_6.png
Cloth_7,2_Cloth,N/A (Resources 폴더 밖에 있음),C:/MYNewProject/2DSideRogueLike/Assets/SPUM/Resources/Addons/Legacy/0_Unit/0_Sprite/2_Cloth/Cloth_7.png
Cloth_8,2_Cloth,N/A (Resources 폴더 밖에 있음),C:/MYNewProject/2DSideRogueLike/Assets/SPUM/Resources/Addons/Legacy/0_Unit/0_Sprite/2_Cloth/Cloth_8.png
Cloth_9,2_Cloth,N/A (Resources 폴더 밖에 있음),C:/MYNewProject/2DSideRogueLike/Assets/SPUM/Resources/Addons/Legacy/0_Unit/0_Sprite/2_Cloth/Cloth_9.png
F_SR_Cloth,2_Cloth,N/A (Resources 폴더 밖에 있음),C:/MYNewProject/2DSideRogueLike/Assets/SPUM/Resources/Addons/Legacy/0_Unit/0_Sprite/2_Cloth/F_SR_Cloth.png
Foot_1,3_Pant,N/A (Resources 폴더 밖에 있음),C:/MYNewProject/2DSideRogueLike/Assets/SPUM/Resources/Addons/Legacy/0_Unit/0_Sprite/3_Pant/Foot_1.png
Foot_2,3_Pant,N/A (Resources 폴더 밖에 있음),C:/MYNewProject/2DSideRogueLike/Assets/SPUM/Resources/Addons/Legacy/0_Unit/0_Sprite/3_Pant/Foot_2.png
Foot_3,3_Pant,N/A (Resources 폴더 밖에 있음),C:/MYNewProject/2DSideRogueLike/Assets/SPUM/Resources/Addons/Legacy/0_Unit/0_Sprite/3_Pant/Foot_3.png
Foot_4,3_Pant,N/A (Resources 폴더 밖에 있음),C:/MYNewProject/2DSideRogueLike/Assets/SPUM/Resources/Addons/Legacy/0_Unit/0_Sprite/3_Pant/Foot_4.png
F_SR_Pants,3_Pant,N/A (Resources 폴더 밖에 있음),C:/MYNewProject/2DSideRogueLike/Assets/SPUM/Resources/Addons/Legacy/0_Unit/0_Sprite/3_Pant/F_SR_Pants.png
F_SR_Helmet,4_Helmet,N/A (Resources 폴더 밖에 있음),C:/MYNewProject/2DSideRogueLike/Assets/SPUM/Resources/Addons/Legacy/0_Unit/0_Sprite/4_Helmet/F_SR_Helmet.png
Helmet_1,4_Helmet,N/A (Resources 폴더 밖에 있음),C:/MYNewProject/2DSideRogueLike/Assets/SPUM/Resources/Addons/Legacy/0_Unit/0_Sprite/4_Helmet/Helmet_1.png
Helmet_2,4_Helmet,N/A (Resources 폴더 밖에 있음),C:/MYNewProject/2DSideRogueLike/Assets/SPUM/Resources/Addons/Legacy/0_Unit/0_Sprite/4_Helmet/Helmet_2.png
Helmet_3,4_Helmet,N/A (Resources 폴더 밖에 있음),C:/MYNewProject/2DSideRogueLike/Assets/SPUM/Resources/Addons/Legacy/0_Unit/0_Sprite/4_Helmet/Helmet_3.png
Helmet_4,4_Helmet,N/A (Resources 폴더 밖에 있음),C:/MYNewProject/2DSideRogueLike/Assets/SPUM/Resources/Addons/Legacy/0_Unit/0_Sprite/4_Helmet/Helmet_4.png
Helmet_5,4_Helmet,N/A (Resources 폴더 밖에 있음),C:/MYNewProject/2DSideRogueLike/Assets/SPUM/Resources/Addons/Legacy/0_Unit/0_Sprite/4_Helmet/Helmet_5.png
Helmet_6,4_Helmet,N/A (Resources 폴더 밖에 있음),C:/MYNewProject/2DSideRogueLike/Assets/SPUM/Resources/Addons/Legacy/0_Unit/0_Sprite/4_Helmet/Helmet_6.png
Helmet_7,4_Helmet,N/A (Resources 폴더 밖에 있음),C:/MYNewProject/2DSideRogueLike/Assets/SPUM/Resources/Addons/Legacy/0_Unit/0_Sprite/4_Helmet/Helmet_7.png
Helmet_8,4_Helmet,N/A (Resources 폴더 밖에 있음),C:/MYNewProject/2DSideRogueLike/Assets/SPUM/Resources/Addons/Legacy/0_Unit/0_Sprite/4_Helmet/Helmet_8.png
Helmet_9,4_Helmet,N/A (Resources 폴더 밖에 있음),C:/MYNewProject/2DSideRogueLike/Assets/SPUM/Resources/Addons/Legacy/0_Unit/0_Sprite/4_Helmet/Helmet_9.png
Armor_1,5_Armor,N/A (Resources 폴더 밖에 있음),C:/MYNewProject/2DSideRogueLike/Assets/SPUM/Resources/Addons/Legacy/0_Unit/0_Sprite/5_Armor/Armor_1.png
Armor_2,5_Armor,N/A (Resources 폴더 밖에 있음),C:/MYNewProject/2DSideRogueLike/Assets/SPUM/Resources/Addons/Legacy/0_Unit/0_Sprite/5_Armor/Armor_2.png
Armor_3,5_Armor,N/A (Resources 폴더 밖에 있음),C:/MYNewProject/2DSideRogueLike/Assets/SPUM/Resources/Addons/Legacy/0_Unit/0_Sprite/5_Armor/Armor_3.png
Armor_4,5_Armor,N/A (Resources 폴더 밖에 있음),C:/MYNewProject/2DSideRogueLike/Assets/SPUM/Resources/Addons/Legacy/0_Unit/0_Sprite/5_Armor/Armor_4.png
Armor_5,5_Armor,N/A (Resources 폴더 밖에 있음),C:/MYNewProject/2DSideRogueLike/Assets/SPUM/Resources/Addons/Legacy/0_Unit/0_Sprite/5_Armor/Armor_5.png
Armor_6,5_Armor,N/A (Resources 폴더 밖에 있음),C:/MYNewProject/2DSideRogueLike/Assets/SPUM/Resources/Addons/Legacy/0_Unit/0_Sprite/5_Armor/Armor_6.png
Armor_7,5_Armor,N/A (Resources 폴더 밖에 있음),C:/MYNewProject/2DSideRogueLike/Assets/SPUM/Resources/Addons/Legacy/0_Unit/0_Sprite/5_Armor/Armor_7.png
Armor_8,5_Armor,N/A (Resources 폴더 밖에 있음),C:/MYNewProject/2DSideRogueLike/Assets/SPUM/Resources/Addons/Legacy/0_Unit/0_Sprite/5_Armor/Armor_8.png
Sword_1,0_Sword,N/A (Resources 폴더 밖에 있음),C:/MYNewProject/2DSideRogueLike/Assets/SPUM/Resources/Addons/Legacy/0_Unit/0_Sprite/6_Weapons/0_Sword/Sword_1.png
Sword_2,0_Sword,N/A (Resources 폴더 밖에 있음),C:/MYNewProject/2DSideRogueLike/Assets/SPUM/Resources/Addons/Legacy/0_Unit/0_Sprite/6_Weapons/0_Sword/Sword_2.png
Sword_3,0_Sword,N/A (Resources 폴더 밖에 있음),C:/MYNewProject/2DSideRogueLike/Assets/SPUM/Resources/Addons/Legacy/0_Unit/0_Sprite/6_Weapons/0_Sword/Sword_3.png
Sword_4,0_Sword,N/A (Resources 폴더 밖에 있음),C:/MYNewProject/2DSideRogueLike/Assets/SPUM/Resources/Addons/Legacy/0_Unit/0_Sprite/6_Weapons/0_Sword/Sword_4.png
Sword_5,0_Sword,N/A (Resources 폴더 밖에 있음),C:/MYNewProject/2DSideRogueLike/Assets/SPUM/Resources/Addons/Legacy/0_Unit/0_Sprite/6_Weapons/0_Sword/Sword_5.png
Sword_6,0_Sword,N/A (Resources 폴더 밖에 있음),C:/MYNewProject/2DSideRogueLike/Assets/SPUM/Resources/Addons/Legacy/0_Unit/0_Sprite/6_Weapons/0_Sword/Sword_6.png
Axe_1,1_Axe,N/A (Resources 폴더 밖에 있음),C:/MYNewProject/2DSideRogueLike/Assets/SPUM/Resources/Addons/Legacy/0_Unit/0_Sprite/6_Weapons/1_Axe/Axe_1.png
Bow_1,2_Bow,N/A (Resources 폴더 밖에 있음),C:/MYNewProject/2DSideRogueLike/Assets/SPUM/Resources/Addons/Legacy/0_Unit/0_Sprite/6_Weapons/2_Bow/Bow_1.png
Shield_1,3_Shield,N/A (Resources 폴더 밖에 있음),C:/MYNewProject/2DSideRogueLike/Assets/SPUM/Resources/Addons/Legacy/0_Unit/0_Sprite/6_Weapons/3_Shield/Shield_1.png
Soon_Spear,4_Spear,N/A (Resources 폴더 밖에 있음),C:/MYNewProject/2DSideRogueLike/Assets/SPUM/Resources/Addons/Legacy/0_Unit/0_Sprite/6_Weapons/4_Spear/Soon_Spear.png
Spear_1,4_Spear,N/A (Resources 폴더 밖에 있음),C:/MYNewProject/2DSideRogueLike/Assets/SPUM/Resources/Addons/Legacy/0_Unit/0_Sprite/6_Weapons/4_Spear/Spear_1.png
Ward_1,5_Wand,N/A (Resources 폴더 밖에 있음),C:/MYNewProject/2DSideRogueLike/Assets/SPUM/Resources/Addons/Legacy/0_Unit/0_Sprite/6_Weapons/5_Wand/Ward_1.png
F_SR_Hammer,6_Hammer,N/A (Resources 폴더 밖에 있음),C:/MYNewProject/2DSideRogueLike/Assets/SPUM/Resources/Addons/Legacy/0_Unit/0_Sprite/6_Weapons/6_Hammer/F_SR_Hammer.png
Back_1,7_Back,N/A (Resources 폴더 밖에 있음),C:/MYNewProject/2DSideRogueLike/Assets/SPUM/Resources/Addons/Legacy/0_Unit/0_Sprite/7_Back/Back_1.png
Back_2,7_Back,N/A (Resources 폴더 밖에 있음),C:/MYNewProject/2DSideRogueLike/Assets/SPUM/Resources/Addons/Legacy/0_Unit/0_Sprite/7_Back/Back_2.png
Back_3,7_Back,N/A (Resources 폴더 밖에 있음),C:/MYNewProject/2DSideRogueLike/Assets/SPUM/Resources/Addons/Legacy/0_Unit/0_Sprite/7_Back/Back_3.png
BowBack_1,7_Back,N/A (Resources 폴더 밖에 있음),C:/MYNewProject/2DSideRogueLike/Assets/SPUM/Resources/Addons/Legacy/0_Unit/0_Sprite/7_Back/BowBack_1.png
Soon_Back1,7_Back,N/A (Resources 폴더 밖에 있음),C:/MYNewProject/2DSideRogueLike/Assets/SPUM/Resources/Addons/Legacy/0_Unit/0_Sprite/7_Back/Soon_Back1.png
BlackHorse,0_Body,N/A (Resources 폴더 밖에 있음),C:/MYNewProject/2DSideRogueLike/Assets/SPUM/Resources/Addons/Legacy/1_Horse/0_Sprite/0_Body/BlackHorse.png
Horse1,0_Body,N/A (Resources 폴더 밖에 있음),C:/MYNewProject/2DSideRogueLike/Assets/SPUM/Resources/Addons/Legacy/1_Horse/0_Sprite/0_Body/Horse1.png
Horse2,0_Body,N/A (Resources 폴더 밖에 있음),C:/MYNewProject/2DSideRogueLike/Assets/SPUM/Resources/Addons/Legacy/1_Horse/0_Sprite/0_Body/Horse2.png
RedHorse,0_Body,N/A (Resources 폴더 밖에 있음),C:/MYNewProject/2DSideRogueLike/Assets/SPUM/Resources/Addons/Legacy/1_Horse/0_Sprite/0_Body/RedHorse.png
Normal_Hair1,0_Hair,N/A (Resources 폴더 밖에 있음),C:/MYNewProject/2DSideRogueLike/Assets/SPUM/Resources/Addons/Ver121/0_Unit/0_Sprite/0_Hair/Normal_Hair1.png
Normal_Hair10,0_Hair,N/A (Resources 폴더 밖에 있음),C:/MYNewProject/2DSideRogueLike/Assets/SPUM/Resources/Addons/Ver121/0_Unit/0_Sprite/0_Hair/Normal_Hair10.png
Normal_Hair11,0_Hair,N/A (Resources 폴더 밖에 있음),C:/MYNewProject/2DSideRogueLike/Assets/SPUM/Resources/Addons/Ver121/0_Unit/0_Sprite/0_Hair/Normal_Hair11.png
Normal_Hair12,0_Hair,N/A (Resources 폴더 밖에 있음),C:/MYNewProject/2DSideRogueLike/Assets/SPUM/Resources/Addons/Ver121/0_Unit/0_Sprite/0_Hair/Normal_Hair12.png
Normal_Hair13,0_Hair,N/A (Resources 폴더 밖에 있음),C:/MYNewProject/2DSideRogueLike/Assets/SPUM/Resources/Addons/Ver121/0_Unit/0_Sprite/0_Hair/Normal_Hair13.png
Normal_Hair2,0_Hair,N/A (Resources 폴더 밖에 있음),C:/MYNewProject/2DSideRogueLike/Assets/SPUM/Resources/Addons/Ver121/0_Unit/0_Sprite/0_Hair/Normal_Hair2.png
Normal_Hair3,0_Hair,N/A (Resources 폴더 밖에 있음),C:/MYNewProject/2DSideRogueLike/Assets/SPUM/Resources/Addons/Ver121/0_Unit/0_Sprite/0_Hair/Normal_Hair3.png
Normal_Hair4,0_Hair,N/A (Resources 폴더 밖에 있음),C:/MYNewProject/2DSideRogueLike/Assets/SPUM/Resources/Addons/Ver121/0_Unit/0_Sprite/0_Hair/Normal_Hair4.png
Normal_Hair5,0_Hair,N/A (Resources 폴더 밖에 있음),C:/MYNewProject/2DSideRogueLike/Assets/SPUM/Resources/Addons/Ver121/0_Unit/0_Sprite/0_Hair/Normal_Hair5.png
Normal_Hair6,0_Hair,N/A (Resources 폴더 밖에 있음),C:/MYNewProject/2DSideRogueLike/Assets/SPUM/Resources/Addons/Ver121/0_Unit/0_Sprite/0_Hair/Normal_Hair6.png
Normal_Hair7,0_Hair,N/A (Resources 폴더 밖에 있음),C:/MYNewProject/2DSideRogueLike/Assets/SPUM/Resources/Addons/Ver121/0_Unit/0_Sprite/0_Hair/Normal_Hair7.png
Normal_Hair8,0_Hair,N/A (Resources 폴더 밖에 있음),C:/MYNewProject/2DSideRogueLike/Assets/SPUM/Resources/Addons/Ver121/0_Unit/0_Sprite/0_Hair/Normal_Hair8.png
Normal_Hair9,0_Hair,N/A (Resources 폴더 밖에 있음),C:/MYNewProject/2DSideRogueLike/Assets/SPUM/Resources/Addons/Ver121/0_Unit/0_Sprite/0_Hair/Normal_Hair9.png
Normal_Mustache1,1_FaceHair,N/A (Resources 폴더 밖에 있음),C:/MYNewProject/2DSideRogueLike/Assets/SPUM/Resources/Addons/Ver121/0_Unit/0_Sprite/1_FaceHair/Normal_Mustache1.png
Normal_Mustache2,1_FaceHair,N/A (Resources 폴더 밖에 있음),C:/MYNewProject/2DSideRogueLike/Assets/SPUM/Resources/Addons/Ver121/0_Unit/0_Sprite/1_FaceHair/Normal_Mustache2.png
Normal_Cloth1,2_Cloth,N/A (Resources 폴더 밖에 있음),C:/MYNewProject/2DSideRogueLike/Assets/SPUM/Resources/Addons/Ver121/0_Unit/0_Sprite/2_Cloth/Normal_Cloth1.png
Normal_Helmet1,4_Helmet,N/A (Resources 폴더 밖에 있음),C:/MYNewProject/2DSideRogueLike/Assets/SPUM/Resources/Addons/Ver121/0_Unit/0_Sprite/4_Helmet/Normal_Helmet1.png
Normal_Helmet2,4_Helmet,N/A (Resources 폴더 밖에 있음),C:/MYNewProject/2DSideRogueLike/Assets/SPUM/Resources/Addons/Ver121/0_Unit/0_Sprite/4_Helmet/Normal_Helmet2.png
Normal_Helmet3,4_Helmet,N/A (Resources 폴더 밖에 있음),C:/MYNewProject/2DSideRogueLike/Assets/SPUM/Resources/Addons/Ver121/0_Unit/0_Sprite/4_Helmet/Normal_Helmet3.png
Normal_Armor1,5_Armor,N/A (Resources 폴더 밖에 있음),C:/MYNewProject/2DSideRogueLike/Assets/SPUM/Resources/Addons/Ver121/0_Unit/0_Sprite/5_Armor/Normal_Armor1.png
AxeLong1,2_Axe,N/A (Resources 폴더 밖에 있음),C:/MYNewProject/2DSideRogueLike/Assets/SPUM/Resources/Addons/Ver121/0_Unit/0_Sprite/6_Weapons/2_Axe/AxeLong1.png
AxeNormal1,2_Axe,N/A (Resources 폴더 밖에 있음),C:/MYNewProject/2DSideRogueLike/Assets/SPUM/Resources/Addons/Ver121/0_Unit/0_Sprite/6_Weapons/2_Axe/AxeNormal1.png
AxeSmall1,2_Axe,N/A (Resources 폴더 밖에 있음),C:/MYNewProject/2DSideRogueLike/Assets/SPUM/Resources/Addons/Ver121/0_Unit/0_Sprite/6_Weapons/2_Axe/AxeSmall1.png
SteelShield1,7_Shield,N/A (Resources 폴더 밖에 있음),C:/MYNewProject/2DSideRogueLike/Assets/SPUM/Resources/Addons/Ver121/0_Unit/0_Sprite/6_Weapons/7_Shield/SteelShield1.png
WoodShield1,7_Shield,N/A (Resources 폴더 밖에 있음),C:/MYNewProject/2DSideRogueLike/Assets/SPUM/Resources/Addons/Ver121/0_Unit/0_Sprite/6_Weapons/7_Shield/WoodShield1.png
WoodShield2,7_Shield,N/A (Resources 폴더 밖에 있음),C:/MYNewProject/2DSideRogueLike/Assets/SPUM/Resources/Addons/Ver121/0_Unit/0_Sprite/6_Weapons/7_Shield/WoodShield2.png
WoodShield3,7_Shield,N/A (Resources 폴더 밖에 있음),C:/MYNewProject/2DSideRogueLike/Assets/SPUM/Resources/Addons/Ver121/0_Unit/0_Sprite/6_Weapons/7_Shield/WoodShield3.png
WoodShield4,7_Shield,N/A (Resources 폴더 밖에 있음),C:/MYNewProject/2DSideRogueLike/Assets/SPUM/Resources/Addons/Ver121/0_Unit/0_Sprite/6_Weapons/7_Shield/WoodShield4.png
New_Back_01,10_Back,N/A (Resources 폴더 밖에 있음),C:/MYNewProject/2DSideRogueLike/Assets/SPUM/Resources/Addons/Ver300/0_Unit/0_Sprite/10_Back/New_Back_01.png
New_Back_02,10_Back,N/A (Resources 폴더 밖에 있음),C:/MYNewProject/2DSideRogueLike/Assets/SPUM/Resources/Addons/Ver300/0_Unit/0_Sprite/10_Back/New_Back_02.Png
New_Hair_01,2_Hair,N/A (Resources 폴더 밖에 있음),C:/MYNewProject/2DSideRogueLike/Assets/SPUM/Resources/Addons/Ver300/0_Unit/0_Sprite/2_Hair/New_Hair_01.png
New_Hair_02,2_Hair,N/A (Resources 폴더 밖에 있음),C:/MYNewProject/2DSideRogueLike/Assets/SPUM/Resources/Addons/Ver300/0_Unit/0_Sprite/2_Hair/New_Hair_02.png
New_Hair_03,2_Hair,N/A (Resources 폴더 밖에 있음),C:/MYNewProject/2DSideRogueLike/Assets/SPUM/Resources/Addons/Ver300/0_Unit/0_Sprite/2_Hair/New_Hair_03.png
New_Hair_04,2_Hair,N/A (Resources 폴더 밖에 있음),C:/MYNewProject/2DSideRogueLike/Assets/SPUM/Resources/Addons/Ver300/0_Unit/0_Sprite/2_Hair/New_Hair_04.png
New_Hair_05,2_Hair,N/A (Resources 폴더 밖에 있음),C:/MYNewProject/2DSideRogueLike/Assets/SPUM/Resources/Addons/Ver300/0_Unit/0_Sprite/2_Hair/New_Hair_05.png
New_Hair_06,2_Hair,N/A (Resources 폴더 밖에 있음),C:/MYNewProject/2DSideRogueLike/Assets/SPUM/Resources/Addons/Ver300/0_Unit/0_Sprite/2_Hair/New_Hair_06.png
New_Hair_07,2_Hair,N/A (Resources 폴더 밖에 있음),C:/MYNewProject/2DSideRogueLike/Assets/SPUM/Resources/Addons/Ver300/0_Unit/0_Sprite/2_Hair/New_Hair_07.png
New_Hair_08,2_Hair,N/A (Resources 폴더 밖에 있음),C:/MYNewProject/2DSideRogueLike/Assets/SPUM/Resources/Addons/Ver300/0_Unit/0_Sprite/2_Hair/New_Hair_08.png
New_Hair_09,2_Hair,N/A (Resources 폴더 밖에 있음),C:/MYNewProject/2DSideRogueLike/Assets/SPUM/Resources/Addons/Ver300/0_Unit/0_Sprite/2_Hair/New_Hair_09.png
New_Hair_10,2_Hair,N/A (Resources 폴더 밖에 있음),C:/MYNewProject/2DSideRogueLike/Assets/SPUM/Resources/Addons/Ver300/0_Unit/0_Sprite/2_Hair/New_Hair_10.png
New_Hair_11,2_Hair,N/A (Resources 폴더 밖에 있음),C:/MYNewProject/2DSideRogueLike/Assets/SPUM/Resources/Addons/Ver300/0_Unit/0_Sprite/2_Hair/New_Hair_11.png
New_Hair_12,2_Hair,N/A (Resources 폴더 밖에 있음),C:/MYNewProject/2DSideRogueLike/Assets/SPUM/Resources/Addons/Ver300/0_Unit/0_Sprite/2_Hair/New_Hair_12.png
New_Hair_13,2_Hair,N/A (Resources 폴더 밖에 있음),C:/MYNewProject/2DSideRogueLike/Assets/SPUM/Resources/Addons/Ver300/0_Unit/0_Sprite/2_Hair/New_Hair_13.png
New_Hair_14,2_Hair,N/A (Resources 폴더 밖에 있음),C:/MYNewProject/2DSideRogueLike/Assets/SPUM/Resources/Addons/Ver300/0_Unit/0_Sprite/2_Hair/New_Hair_14.png
New_Hair_15,2_Hair,N/A (Resources 폴더 밖에 있음),C:/MYNewProject/2DSideRogueLike/Assets/SPUM/Resources/Addons/Ver300/0_Unit/0_Sprite/2_Hair/New_Hair_15.png
New_Hair_16,2_Hair,N/A (Resources 폴더 밖에 있음),C:/MYNewProject/2DSideRogueLike/Assets/SPUM/Resources/Addons/Ver300/0_Unit/0_Sprite/2_Hair/New_Hair_16.png
New_Hair_17,2_Hair,N/A (Resources 폴더 밖에 있음),C:/MYNewProject/2DSideRogueLike/Assets/SPUM/Resources/Addons/Ver300/0_Unit/0_Sprite/2_Hair/New_Hair_17.png
New_Hair_18,2_Hair,N/A (Resources 폴더 밖에 있음),C:/MYNewProject/2DSideRogueLike/Assets/SPUM/Resources/Addons/Ver300/0_Unit/0_Sprite/2_Hair/New_Hair_18.png
New_Hair_19,2_Hair,N/A (Resources 폴더 밖에 있음),C:/MYNewProject/2DSideRogueLike/Assets/SPUM/Resources/Addons/Ver300/0_Unit/0_Sprite/2_Hair/New_Hair_19.png
New_Hair_20,2_Hair,N/A (Resources 폴더 밖에 있음),C:/MYNewProject/2DSideRogueLike/Assets/SPUM/Resources/Addons/Ver300/0_Unit/0_Sprite/2_Hair/New_Hair_20.png
New_Cloth_01,4_Cloth,N/A (Resources 폴더 밖에 있음),C:/MYNewProject/2DSideRogueLike/Assets/SPUM/Resources/Addons/Ver300/0_Unit/0_Sprite/4_Cloth/New_Cloth_01.png
New_Cloth_02,4_Cloth,N/A (Resources 폴더 밖에 있음),C:/MYNewProject/2DSideRogueLike/Assets/SPUM/Resources/Addons/Ver300/0_Unit/0_Sprite/4_Cloth/New_Cloth_02.png
New_Cloth_03,4_Cloth,N/A (Resources 폴더 밖에 있음),C:/MYNewProject/2DSideRogueLike/Assets/SPUM/Resources/Addons/Ver300/0_Unit/0_Sprite/4_Cloth/New_Cloth_03.png
New_Cloth_04,4_Cloth,N/A (Resources 폴더 밖에 있음),C:/MYNewProject/2DSideRogueLike/Assets/SPUM/Resources/Addons/Ver300/0_Unit/0_Sprite/4_Cloth/New_Cloth_04.png
New_Cloth_05,4_Cloth,N/A (Resources 폴더 밖에 있음),C:/MYNewProject/2DSideRogueLike/Assets/SPUM/Resources/Addons/Ver300/0_Unit/0_Sprite/4_Cloth/New_Cloth_05.png
New_Cloth_06,4_Cloth,N/A (Resources 폴더 밖에 있음),C:/MYNewProject/2DSideRogueLike/Assets/SPUM/Resources/Addons/Ver300/0_Unit/0_Sprite/4_Cloth/New_Cloth_06.png
New_Cloth_07,4_Cloth,N/A (Resources 폴더 밖에 있음),C:/MYNewProject/2DSideRogueLike/Assets/SPUM/Resources/Addons/Ver300/0_Unit/0_Sprite/4_Cloth/New_Cloth_07.png
New_Cloth_08,4_Cloth,N/A (Resources 폴더 밖에 있음),C:/MYNewProject/2DSideRogueLike/Assets/SPUM/Resources/Addons/Ver300/0_Unit/0_Sprite/4_Cloth/New_Cloth_08.png
New_Cloth_09,4_Cloth,N/A (Resources 폴더 밖에 있음),C:/MYNewProject/2DSideRogueLike/Assets/SPUM/Resources/Addons/Ver300/0_Unit/0_Sprite/4_Cloth/New_Cloth_09.png
New_Cloth_10,4_Cloth,N/A (Resources 폴더 밖에 있음),C:/MYNewProject/2DSideRogueLike/Assets/SPUM/Resources/Addons/Ver300/0_Unit/0_Sprite/4_Cloth/New_Cloth_10.png
New_Cloth_11,4_Cloth,N/A (Resources 폴더 밖에 있음),C:/MYNewProject/2DSideRogueLike/Assets/SPUM/Resources/Addons/Ver300/0_Unit/0_Sprite/4_Cloth/New_Cloth_11.png
New_Cloth_12,4_Cloth,N/A (Resources 폴더 밖에 있음),C:/MYNewProject/2DSideRogueLike/Assets/SPUM/Resources/Addons/Ver300/0_Unit/0_Sprite/4_Cloth/New_Cloth_12.png
New_Helmet_01,4_Helmet,N/A (Resources 폴더 밖에 있음),C:/MYNewProject/2DSideRogueLike/Assets/SPUM/Resources/Addons/Ver300/0_Unit/0_Sprite/4_Helmet/New_Helmet_01.png
New_Helmet_02,4_Helmet,N/A (Resources 폴더 밖에 있음),C:/MYNewProject/2DSideRogueLike/Assets/SPUM/Resources/Addons/Ver300/0_Unit/0_Sprite/4_Helmet/New_Helmet_02.png
New_Helmet_03,4_Helmet,N/A (Resources 폴더 밖에 있음),C:/MYNewProject/2DSideRogueLike/Assets/SPUM/Resources/Addons/Ver300/0_Unit/0_Sprite/4_Helmet/New_Helmet_03.png
New_Helmet_04,4_Helmet,N/A (Resources 폴더 밖에 있음),C:/MYNewProject/2DSideRogueLike/Assets/SPUM/Resources/Addons/Ver300/0_Unit/0_Sprite/4_Helmet/New_Helmet_04.png
New_Helmet_05,4_Helmet,N/A (Resources 폴더 밖에 있음),C:/MYNewProject/2DSideRogueLike/Assets/SPUM/Resources/Addons/Ver300/0_Unit/0_Sprite/4_Helmet/New_Helmet_05.png
New_Helmet_06,4_Helmet,N/A (Resources 폴더 밖에 있음),C:/MYNewProject/2DSideRogueLike/Assets/SPUM/Resources/Addons/Ver300/0_Unit/0_Sprite/4_Helmet/New_Helmet_06.png
New_Helmet_07,4_Helmet,N/A (Resources 폴더 밖에 있음),C:/MYNewProject/2DSideRogueLike/Assets/SPUM/Resources/Addons/Ver300/0_Unit/0_Sprite/4_Helmet/New_Helmet_07.png
New_Helmet_08,4_Helmet,N/A (Resources 폴더 밖에 있음),C:/MYNewProject/2DSideRogueLike/Assets/SPUM/Resources/Addons/Ver300/0_Unit/0_Sprite/4_Helmet/New_Helmet_08.png
New_Helmet_09,4_Helmet,N/A (Resources 폴더 밖에 있음),C:/MYNewProject/2DSideRogueLike/Assets/SPUM/Resources/Addons/Ver300/0_Unit/0_Sprite/4_Helmet/New_Helmet_09.png
New_Helmet_10,4_Helmet,N/A (Resources 폴더 밖에 있음),C:/MYNewProject/2DSideRogueLike/Assets/SPUM/Resources/Addons/Ver300/0_Unit/0_Sprite/4_Helmet/New_Helmet_10.png
New_Pant_01,5_Pant,N/A (Resources 폴더 밖에 있음),C:/MYNewProject/2DSideRogueLike/Assets/SPUM/Resources/Addons/Ver300/0_Unit/0_Sprite/5_Pant/New_Pant_01.png
New_Pant_02,5_Pant,N/A (Resources 폴더 밖에 있음),C:/MYNewProject/2DSideRogueLike/Assets/SPUM/Resources/Addons/Ver300/0_Unit/0_Sprite/5_Pant/New_Pant_02.png
New_Pant_03,5_Pant,N/A (Resources 폴더 밖에 있음),C:/MYNewProject/2DSideRogueLike/Assets/SPUM/Resources/Addons/Ver300/0_Unit/0_Sprite/5_Pant/New_Pant_03.png
New_Pant_04,5_Pant,N/A (Resources 폴더 밖에 있음),C:/MYNewProject/2DSideRogueLike/Assets/SPUM/Resources/Addons/Ver300/0_Unit/0_Sprite/5_Pant/New_Pant_04.png
New_Pant_05,5_Pant,N/A (Resources 폴더 밖에 있음),C:/MYNewProject/2DSideRogueLike/Assets/SPUM/Resources/Addons/Ver300/0_Unit/0_Sprite/5_Pant/New_Pant_05.png
New_Pant_06,5_Pant,N/A (Resources 폴더 밖에 있음),C:/MYNewProject/2DSideRogueLike/Assets/SPUM/Resources/Addons/Ver300/0_Unit/0_Sprite/5_Pant/New_Pant_06.png
New_Pant_07,5_Pant,N/A (Resources 폴더 밖에 있음),C:/MYNewProject/2DSideRogueLike/Assets/SPUM/Resources/Addons/Ver300/0_Unit/0_Sprite/5_Pant/New_Pant_07.png
New_Pant_08,5_Pant,N/A (Resources 폴더 밖에 있음),C:/MYNewProject/2DSideRogueLike/Assets/SPUM/Resources/Addons/Ver300/0_Unit/0_Sprite/5_Pant/New_Pant_08.png
New_Pant_09,5_Pant,N/A (Resources 폴더 밖에 있음),C:/MYNewProject/2DSideRogueLike/Assets/SPUM/Resources/Addons/Ver300/0_Unit/0_Sprite/5_Pant/New_Pant_09.png
New_Pant_10,5_Pant,N/A (Resources 폴더 밖에 있음),C:/MYNewProject/2DSideRogueLike/Assets/SPUM/Resources/Addons/Ver300/0_Unit/0_Sprite/5_Pant/New_Pant_10.png
New_Pant_11,5_Pant,N/A (Resources 폴더 밖에 있음),C:/MYNewProject/2DSideRogueLike/Assets/SPUM/Resources/Addons/Ver300/0_Unit/0_Sprite/5_Pant/New_Pant_11.png
New_Pant_12,5_Pant,N/A (Resources 폴더 밖에 있음),C:/MYNewProject/2DSideRogueLike/Assets/SPUM/Resources/Addons/Ver300/0_Unit/0_Sprite/5_Pant/New_Pant_12.png
New_Armor_01,7_Armor,N/A (Resources 폴더 밖에 있음),C:/MYNewProject/2DSideRogueLike/Assets/SPUM/Resources/Addons/Ver300/0_Unit/0_Sprite/7_Armor/New_Armor_01.png
New_Armor_02,7_Armor,N/A (Resources 폴더 밖에 있음),C:/MYNewProject/2DSideRogueLike/Assets/SPUM/Resources/Addons/Ver300/0_Unit/0_Sprite/7_Armor/New_Armor_02.png
New_Armor_03,7_Armor,N/A (Resources 폴더 밖에 있음),C:/MYNewProject/2DSideRogueLike/Assets/SPUM/Resources/Addons/Ver300/0_Unit/0_Sprite/7_Armor/New_Armor_03.png
New_Armor_04,7_Armor,N/A (Resources 폴더 밖에 있음),C:/MYNewProject/2DSideRogueLike/Assets/SPUM/Resources/Addons/Ver300/0_Unit/0_Sprite/7_Armor/New_Armor_04.png
New_Armor_05,7_Armor,N/A (Resources 폴더 밖에 있음),C:/MYNewProject/2DSideRogueLike/Assets/SPUM/Resources/Addons/Ver300/0_Unit/0_Sprite/7_Armor/New_Armor_05.png
New_Armor_06,7_Armor,N/A (Resources 폴더 밖에 있음),C:/MYNewProject/2DSideRogueLike/Assets/SPUM/Resources/Addons/Ver300/0_Unit/0_Sprite/7_Armor/New_Armor_06.png
New_Armor_07,7_Armor,N/A (Resources 폴더 밖에 있음),C:/MYNewProject/2DSideRogueLike/Assets/SPUM/Resources/Addons/Ver300/0_Unit/0_Sprite/7_Armor/New_Armor_07.png
New_Armor_08,7_Armor,N/A (Resources 폴더 밖에 있음),C:/MYNewProject/2DSideRogueLike/Assets/SPUM/Resources/Addons/Ver300/0_Unit/0_Sprite/7_Armor/New_Armor_08.png
New_Armor_09,7_Armor,N/A (Resources 폴더 밖에 있음),C:/MYNewProject/2DSideRogueLike/Assets/SPUM/Resources/Addons/Ver300/0_Unit/0_Sprite/7_Armor/New_Armor_09.png
New_Armor_10,7_Armor,N/A (Resources 폴더 밖에 있음),C:/MYNewProject/2DSideRogueLike/Assets/SPUM/Resources/Addons/Ver300/0_Unit/0_Sprite/7_Armor/New_Armor_10.png
New_Armor_12,7_Armor,N/A (Resources 폴더 밖에 있음),C:/MYNewProject/2DSideRogueLike/Assets/SPUM/Resources/Addons/Ver300/0_Unit/0_Sprite/7_Armor/New_Armor_12.png
New_Weapon_01,0_Sword,N/A (Resources 폴더 밖에 있음),C:/MYNewProject/2DSideRogueLike/Assets/SPUM/Resources/Addons/Ver300/0_Unit/0_Sprite/8_Weapons/0_Sword/New_Weapon_01.png
New_Weapon_06,0_Sword,N/A (Resources 폴더 밖에 있음),C:/MYNewProject/2DSideRogueLike/Assets/SPUM/Resources/Addons/Ver300/0_Unit/0_Sprite/8_Weapons/0_Sword/New_Weapon_06.png
New_Weapon_17,0_Sword,N/A (Resources 폴더 밖에 있음),C:/MYNewProject/2DSideRogueLike/Assets/SPUM/Resources/Addons/Ver300/0_Unit/0_Sprite/8_Weapons/0_Sword/New_Weapon_17.png
New_Weapon_18,0_Sword,N/A (Resources 폴더 밖에 있음),C:/MYNewProject/2DSideRogueLike/Assets/SPUM/Resources/Addons/Ver300/0_Unit/0_Sprite/8_Weapons/0_Sword/New_Weapon_18.png
New_Weapon_19,0_Sword,N/A (Resources 폴더 밖에 있음),C:/MYNewProject/2DSideRogueLike/Assets/SPUM/Resources/Addons/Ver300/0_Unit/0_Sprite/8_Weapons/0_Sword/New_Weapon_19.png
New_Weapon_20,0_Sword,N/A (Resources 폴더 밖에 있음),C:/MYNewProject/2DSideRogueLike/Assets/SPUM/Resources/Addons/Ver300/0_Unit/0_Sprite/8_Weapons/0_Sword/New_Weapon_20.png
New_Weapon_09,1_Spear,N/A (Resources 폴더 밖에 있음),C:/MYNewProject/2DSideRogueLike/Assets/SPUM/Resources/Addons/Ver300/0_Unit/0_Sprite/8_Weapons/1_Spear/New_Weapon_09.png
New_Weapon_13,1_Spear,N/A (Resources 폴더 밖에 있음),C:/MYNewProject/2DSideRogueLike/Assets/SPUM/Resources/Addons/Ver300/0_Unit/0_Sprite/8_Weapons/1_Spear/New_Weapon_13.png
New_Weapon_14,1_Spear,N/A (Resources 폴더 밖에 있음),C:/MYNewProject/2DSideRogueLike/Assets/SPUM/Resources/Addons/Ver300/0_Unit/0_Sprite/8_Weapons/1_Spear/New_Weapon_14.png
New_Weapon_16,1_Spear,N/A (Resources 폴더 밖에 있음),C:/MYNewProject/2DSideRogueLike/Assets/SPUM/Resources/Addons/Ver300/0_Unit/0_Sprite/8_Weapons/1_Spear/New_Weapon_16.png
New_weapon_02,2_Axe,N/A (Resources 폴더 밖에 있음),C:/MYNewProject/2DSideRogueLike/Assets/SPUM/Resources/Addons/Ver300/0_Unit/0_Sprite/8_Weapons/2_Axe/New_weapon_02.png
New_Weapon_04,2_Axe,N/A (Resources 폴더 밖에 있음),C:/MYNewProject/2DSideRogueLike/Assets/SPUM/Resources/Addons/Ver300/0_Unit/0_Sprite/8_Weapons/2_Axe/New_Weapon_04.png
New_Weapon_08,2_Axe,N/A (Resources 폴더 밖에 있음),C:/MYNewProject/2DSideRogueLike/Assets/SPUM/Resources/Addons/Ver300/0_Unit/0_Sprite/8_Weapons/2_Axe/New_Weapon_08.png
New_Weapon_10,3_Bow,N/A (Resources 폴더 밖에 있음),C:/MYNewProject/2DSideRogueLike/Assets/SPUM/Resources/Addons/Ver300/0_Unit/0_Sprite/8_Weapons/3_Bow/New_Weapon_10.png
New_Weapon_12,3_Bow,N/A (Resources 폴더 밖에 있음),C:/MYNewProject/2DSideRogueLike/Assets/SPUM/Resources/Addons/Ver300/0_Unit/0_Sprite/8_Weapons/3_Bow/New_Weapon_12.png
New_Weapon_15,3_Bow,N/A (Resources 폴더 밖에 있음),C:/MYNewProject/2DSideRogueLike/Assets/SPUM/Resources/Addons/Ver300/0_Unit/0_Sprite/8_Weapons/3_Bow/New_Weapon_15.png
New_Weapon_03,5_Wand,N/A (Resources 폴더 밖에 있음),C:/MYNewProject/2DSideRogueLike/Assets/SPUM/Resources/Addons/Ver300/0_Unit/0_Sprite/8_Weapons/5_Wand/New_Weapon_03.png
New_Weapon_05,6_Dagger,N/A (Resources 폴더 밖에 있음),C:/MYNewProject/2DSideRogueLike/Assets/SPUM/Resources/Addons/Ver300/0_Unit/0_Sprite/8_Weapons/6_Dagger/New_Weapon_05.png
New_Weapon_11,6_Dagger,N/A (Resources 폴더 밖에 있음),C:/MYNewProject/2DSideRogueLike/Assets/SPUM/Resources/Addons/Ver300/0_Unit/0_Sprite/8_Weapons/6_Dagger/New_Weapon_11.png
New_Shield_01,7_Shield,N/A (Resources 폴더 밖에 있음),C:/MYNewProject/2DSideRogueLike/Assets/SPUM/Resources/Addons/Ver300/0_Unit/0_Sprite/8_Weapons/7_Shield/New_Shield_01.png
New_Shield_02,7_Shield,N/A (Resources 폴더 밖에 있음),C:/MYNewProject/2DSideRogueLike/Assets/SPUM/Resources/Addons/Ver300/0_Unit/0_Sprite/8_Weapons/7_Shield/New_Shield_02.png
New_Shield_03,7_Shield,N/A (Resources 폴더 밖에 있음),C:/MYNewProject/2DSideRogueLike/Assets/SPUM/Resources/Addons/Ver300/0_Unit/0_Sprite/8_Weapons/7_Shield/New_Shield_03.png
New_Shield_04,7_Shield,N/A (Resources 폴더 밖에 있음),C:/MYNewProject/2DSideRogueLike/Assets/SPUM/Resources/Addons/Ver300/0_Unit/0_Sprite/8_Weapons/7_Shield/New_Shield_04.png
New_Weapon_07,8_Mace,N/A (Resources 폴더 밖에 있음),C:/MYNewProject/2DSideRogueLike/Assets/SPUM/Resources/Addons/Ver300/0_Unit/0_Sprite/8_Weapons/8_Mace/New_Weapon_07.png
